table_name,row_count,entity_class,repository_class,controller_class,api_routes,frontend_files,backend_status,frontend_status
admin_users,0,,,,,,UNMAPPED,NO_DIRECT_UI
ai_chat_history,14,,,AIController,"/ai/banquet/suggest,/ai/chat,/ai/chat-with-image,/ai/copy/generate,/ai/dish/recommend,/ai/history,/ai/history/clear,/ai/models","api/ai.js,api/ipad.js,components/AIChatFloat.vue",PARTIAL,MAPPED
ai_memory,0,,,,,,UNMAPPED,NO_DIRECT_UI
approval_flow,0,ApprovalFlow,ApprovalFlowRepository,"ApprovalController,GMOfficeController,HRController,InventoryController,PurchaseController","/api/approval/flows,/api/approval/history,/api/approval/pending,/api/approval/submit,/api/approval/templates,/api/approval/{flowId:[0-9]+},/api/approval/{flowId:[0-9]+}/approve,/api/approval/{flowId:[0-9]+}/reject,/api/gm/approval,/api/gm/info,/api/gm/review,/api/gm/stats,/api/gm/todo,/api/hr/attendance,/api/hr/departments,/api/hr/leave,/api/hr/leave/{id},/api/hr/leave/{id}/approve,/api/hr/lifecycle,/api/hr/overtime,/api/hr/overtime/search,/api/hr/overtime/{id},/api/hr/overtime/{id}/approve,/api/hr/schedule,/procurement/receipts,/procurement/requests","views/dashboard/AttendanceCalendar.vue,views/dashboard/GMOffice.vue,views/dashboard/HRAdmin.vue,views/dashboard/HRAnalytics.vue,views/dashboard/Overtime.vue,views/dashboard/ReviewQueue.vue,views/dashboard/SelfService.vue,views/dashboard/Staff.vue,views/dashboard/StaffProfile.vue,views/dashboard/StoreOrg.vue,views/dashboard/settings/Permission.vue",MAPPED,MAPPED
approval_log,0,,,,,,UNMAPPED,NO_DIRECT_UI
approval_node,0,ApprovalNode,ApprovalNodeRepository,,,,PARTIAL,NO_DIRECT_UI
approval_template,5,ApprovalTemplate,ApprovalTemplateRepository,,,,PARTIAL,NO_DIRECT_UI
attendance,226,Attendance,AttendanceRepository,HRController,"/api/hr/attendance,/api/hr/departments,/api/hr/leave,/api/hr/leave/{id},/api/hr/leave/{id}/approve,/api/hr/lifecycle,/api/hr/overtime,/api/hr/overtime/search,/api/hr/overtime/{id},/api/hr/overtime/{id}/approve,/api/hr/schedule","views/dashboard/AttendanceCalendar.vue,views/dashboard/HRAdmin.vue,views/dashboard/HRAnalytics.vue,views/dashboard/Overtime.vue,views/dashboard/ReviewQueue.vue,views/dashboard/SelfService.vue,views/dashboard/Staff.vue,views/dashboard/StaffProfile.vue,views/dashboard/StoreOrg.vue,views/dashboard/settings/Permission.vue",MAPPED,MAPPED
attendance_records,18,AttendanceRecord,AttendanceRecordRepository,PayrollController,,,MAPPED,NO_DIRECT_UI
audit_logs,2,AuditLog,AuditLogRepository,OperationLogController,"/api/audit-logs,/api/change-logs,/api/change-logs/{id}",views/dashboard/ChangeLogView.vue,MAPPED,MAPPED
banquet_template,5,BanquetTemplate,BanquetTemplateRepository,"BanquetTemplateController,IpadDishController","/api/banquet-template-rels,/api/banquet-template-rels/{id},/api/banquet-templates,/api/banquet-templates/{id},/api/banquet-types,/api/banquet-types/{id},/api/ipad/dish/category,/api/ipad/dish/detail/{dish_id},/api/ipad/dish/list,/api/ipad/dish/search,/api/ipad/package/list,/api/ipad/template/list","api/ipad.js,views/dashboard/IpadMenu.vue,views/ipad/home/BookingList.vue,views/ipad/home/TableMap.vue,views/ipad/home/WaitQueue.vue,views/ipad/home/components/GlobalSearch.vue,views/ipad/home/components/NoticePopup.vue,views/ipad/home/components/TransferTablePopup.vue,views/ipad/login/Login.vue,views/ipad/mine/MemberCenter.vue,views/ipad/order/DishCategory.vue,views/ipad/order/DishDetail.vue,views/ipad/order/DishList.vue,views/ipad/order/GuestOrder.vue,views/ipad/order/OrderMain.vue,views/ipad/order/PackageList.vue,views/ipad/settlement/BillMain.vue,views/ipad/settlement/History.vue,views/ipad/settlement/PaySelect.vue",MAPPED,MAPPED
banquet_template_rel,0,BanquetTemplateRel,BanquetTemplateRelRepository,BanquetTemplateController,"/api/banquet-template-rels,/api/banquet-template-rels/{id},/api/banquet-templates,/api/banquet-templates/{id},/api/banquet-types,/api/banquet-types/{id}",,MAPPED,NO_DIRECT_UI
banquet_type,8,BanquetType,BanquetTypeRepository,BanquetTemplateController,"/api/banquet-template-rels,/api/banquet-template-rels/{id},/api/banquet-templates,/api/banquet-templates/{id},/api/banquet-types,/api/banquet-types/{id}",,MAPPED,NO_DIRECT_UI
booking_dish_detail,335,BookingDishDetail,BookingDishDetailRepository,"BookingController,IpadCheckoutController,IpadGuestOrderController,IpadOrderController,ReportController,TableBoardController","/api/ipad/auth/verify,/api/ipad/login,/api/ipad/order/add-dishes,/api/ipad/order/current,/api/ipad/order/detail,/api/ipad/order/dish/add,/api/ipad/order/dish/edit,/api/ipad/order/dish/refund,/api/ipad/order/dish/remove,/api/ipad/order/send-kitchen,/api/ipad/order/submit,/api/ipad/order/urgent,/api/ipad/settlement/bill/{bookingId},/api/ipad/settlement/pay,/api/report/daily-summary,/api/report/department-cost,/api/report/dish-sales,/api/report/operations,/api/report/overview,/api/report/revenue,/api/report/staff-kpi,/copy,/date/{date},/list,/range,/search,/stats,/status/{status},/swap,/{bookingId},/{bookingId}/banquet-menu,/{bookingId}/dishes,/{bookingId}/dishes/batch,/{bookingId}/dishes/{dishBookingId},/{bookingId}/tables,/{bookingId}/tables/{tableBookingId}","api/ai.js,api/banquetNotice.js,api/booking.js,api/customer.js,api/dish.js,api/gm.js,api/hr.js,api/ipad.js,api/table.js,views/dashboard/AuditLog.vue,views/dashboard/Bookings.vue,views/dashboard/FrontDesk.vue,views/dashboard/IpadMenu.vue,views/dashboard/Kitchen.vue,views/dashboard/Reports.vue,views/dashboard/Safety.vue,views/dashboard/StaffPerformance.vue,views/dashboard/SupplierReconciliation.vue,views/dashboard/TableUtilization.vue,views/ipad/home/BookingList.vue,views/ipad/home/TableMap.vue,views/ipad/home/WaitQueue.vue,views/ipad/home/components/GlobalSearch.vue,views/ipad/home/components/NoticePopup.vue,views/ipad/home/components/TransferTablePopup.vue,views/ipad/login/Login.vue,views/ipad/mine/MemberCenter.vue,views/ipad/order/DishCategory.vue,views/ipad/order/DishDetail.vue,views/ipad/order/DishList.vue,views/ipad/order/GuestOrder.vue,views/ipad/order/OrderMain.vue,views/ipad/order/PackageList.vue,views/ipad/settlement/BillMain.vue,views/ipad/settlement/History.vue,views/ipad/settlement/PaySelect.vue",MAPPED,MAPPED
booking_master,66,BookingMaster,BookingMasterRepository,"BookingController,CustomerController,IpadCheckoutController,IpadGuestOrderController,IpadOrderController,IpadTableController,MarketingOverviewController,ReportController,TableBoardController","/api/customers,/api/customers/search,/api/customers/{id},/api/customers/{id}/history,/api/ipad/auth/verify,/api/ipad/booking/today,/api/ipad/login,/api/ipad/order/add-dishes,/api/ipad/order/current,/api/ipad/order/detail,/api/ipad/order/dish/add,/api/ipad/order/dish/edit,/api/ipad/order/dish/refund,/api/ipad/order/dish/remove,/api/ipad/order/send-kitchen,/api/ipad/order/submit,/api/ipad/order/urgent,/api/ipad/settlement/bill/{bookingId},/api/ipad/settlement/pay,/api/ipad/table/all,/api/ipad/table/filter,/api/ipad/table/list,/api/ipad/table/open,/api/ipad/table/transfer,/api/ipad/wait/list,/api/marketing/overview,/api/report/daily-summary,/api/report/department-cost,/api/report/dish-sales,/api/report/operations,/api/report/overview,/api/report/revenue,/api/report/staff-kpi,/copy,/date/{date},/list,/range,/search,/stats,/status/{status},/swap,/{bookingId},/{bookingId}/banquet-menu,/{bookingId}/dishes,/{bookingId}/dishes/batch,/{bookingId}/dishes/{dishBookingId},/{bookingId}/tables,/{bookingId}/tables/{tableBookingId}","api/ai.js,api/banquetNotice.js,api/booking.js,api/customer.js,api/dish.js,api/gm.js,api/hr.js,api/ipad.js,api/table.js,components/BookingDialog.vue,views/dashboard/AuditLog.vue,views/dashboard/Bookings.vue,views/dashboard/FrontDesk.vue,views/dashboard/IpadMenu.vue,views/dashboard/Kitchen.vue,views/dashboard/Marketing.vue,views/dashboard/Reports.vue,views/dashboard/Safety.vue,views/dashboard/StaffPerformance.vue,views/dashboard/SupplierReconciliation.vue,views/dashboard/TableUtilization.vue,views/ipad/home/BookingList.vue,views/ipad/home/TableMap.vue,views/ipad/home/WaitQueue.vue,views/ipad/home/components/GlobalSearch.vue,views/ipad/home/components/NoticePopup.vue,views/ipad/home/components/TransferTablePopup.vue,views/ipad/login/Login.vue,views/ipad/mine/MemberCenter.vue,views/ipad/order/DishCategory.vue,views/ipad/order/DishDetail.vue,views/ipad/order/DishList.vue,views/ipad/order/GuestOrder.vue,views/ipad/order/OrderMain.vue,views/ipad/order/PackageList.vue,views/ipad/settlement/BillMain.vue,views/ipad/settlement/History.vue,views/ipad/settlement/PaySelect.vue",MAPPED,MAPPED
booking_table,26,BookingTable,BookingTableRepository,"BookingController,IpadCheckoutController,IpadGuestOrderController,IpadOrderController,IpadTableController,TableBoardController","/api/ipad/auth/verify,/api/ipad/booking/today,/api/ipad/login,/api/ipad/order/add-dishes,/api/ipad/order/current,/api/ipad/order/detail,/api/ipad/order/dish/add,/api/ipad/order/dish/edit,/api/ipad/order/dish/refund,/api/ipad/order/dish/remove,/api/ipad/order/send-kitchen,/api/ipad/order/submit,/api/ipad/order/urgent,/api/ipad/settlement/bill/{bookingId},/api/ipad/settlement/pay,/api/ipad/table/all,/api/ipad/table/filter,/api/ipad/table/list,/api/ipad/table/open,/api/ipad/table/transfer,/api/ipad/wait/list,/copy,/date/{date},/list,/range,/search,/stats,/status/{status},/swap,/{bookingId},/{bookingId}/banquet-menu,/{bookingId}/dishes,/{bookingId}/dishes/batch,/{bookingId}/dishes/{dishBookingId},/{bookingId}/tables,/{bookingId}/tables/{tableBookingId}","api/ai.js,api/banquetNotice.js,api/booking.js,api/customer.js,api/dish.js,api/gm.js,api/hr.js,api/ipad.js,api/table.js,views/dashboard/AuditLog.vue,views/dashboard/Bookings.vue,views/dashboard/IpadMenu.vue,views/dashboard/Kitchen.vue,views/dashboard/Safety.vue,views/dashboard/StaffPerformance.vue,views/dashboard/SupplierReconciliation.vue,views/dashboard/TableUtilization.vue,views/ipad/home/BookingList.vue,views/ipad/home/TableMap.vue,views/ipad/home/WaitQueue.vue,views/ipad/home/components/GlobalSearch.vue,views/ipad/home/components/NoticePopup.vue,views/ipad/home/components/TransferTablePopup.vue,views/ipad/login/Login.vue,views/ipad/mine/MemberCenter.vue,views/ipad/order/DishCategory.vue,views/ipad/order/DishDetail.vue,views/ipad/order/DishList.vue,views/ipad/order/GuestOrder.vue,views/ipad/order/OrderMain.vue,views/ipad/order/PackageList.vue,views/ipad/settlement/BillMain.vue,views/ipad/settlement/History.vue,views/ipad/settlement/PaySelect.vue",MAPPED,MAPPED
change_log,0,ChangeLog,ChangeLogRepository,OperationLogController,"/api/audit-logs,/api/change-logs,/api/change-logs/{id}",views/dashboard/ChangeLogView.vue,MAPPED,MAPPED
config,0,,,,,,UNMAPPED,NO_DIRECT_UI
contract,0,Contract,ContractRepository,ContractController,"/api/hr/contract/expiring,/api/hr/contract/{id}","views/dashboard/AttendanceCalendar.vue,views/dashboard/HRAdmin.vue,views/dashboard/HRAnalytics.vue,views/dashboard/Overtime.vue,views/dashboard/ReviewQueue.vue,views/dashboard/SelfService.vue,views/dashboard/Staff.vue,views/dashboard/StaffProfile.vue,views/dashboard/StoreOrg.vue,views/dashboard/settings/Permission.vue",MAPPED,MAPPED
customer_master,44,CustomerMaster,CustomerMasterRepository,"BookingController,CustomerController,DictController,MarketingOverviewController","/api/customers,/api/customers/search,/api/customers/{id},/api/customers/{id}/history,/api/marketing/overview,/batch,/copy,/customers,/date/{date},/items,/items/{dictCode},/items/{itemId},/list,/range,/search,/staff,/stats,/status/{status},/swap,/types,/{bookingId},/{bookingId}/banquet-menu,/{bookingId}/dishes,/{bookingId}/dishes/batch,/{bookingId}/dishes/{dishBookingId},/{bookingId}/tables,/{bookingId}/tables/{tableBookingId}","api/ai.js,api/banquetNotice.js,api/booking.js,api/customer.js,api/dish.js,api/gm.js,api/hr.js,api/ipad.js,api/table.js,components/BookingDialog.vue,views/Dashboard.vue,views/dashboard/Attendance.vue,views/dashboard/AttendanceCalendar.vue,views/dashboard/AttendancePrint.vue,views/dashboard/AuditLog.vue,views/dashboard/Bookings.vue,views/dashboard/FrontDesk.vue,views/dashboard/IpadMenu.vue,views/dashboard/Kitchen.vue,views/dashboard/Leave.vue,views/dashboard/License.vue,views/dashboard/Marketing.vue,views/dashboard/PermManager.vue,views/dashboard/Safety.vue,views/dashboard/Schedule.vue,views/dashboard/StaffPerformance.vue,views/dashboard/StaffProfile.vue,views/dashboard/SupplierReconciliation.vue,views/dashboard/TableUtilization.vue,views/dashboard/settings/Organization.vue,views/dashboard/settings/Permission.vue,views/ipad/home/components/NoticePopup.vue",MAPPED,MAPPED
department,30,Department,DepartmentRepository,"DepartmentPostController,HRController","/api/hr/attendance,/api/hr/departments,/api/hr/departments/tree,/api/hr/departments/{id},/api/hr/leave,/api/hr/leave/{id},/api/hr/leave/{id}/approve,/api/hr/lifecycle,/api/hr/overtime,/api/hr/overtime/search,/api/hr/overtime/{id},/api/hr/overtime/{id}/approve,/api/hr/posts,/api/hr/posts/{id},/api/hr/schedule","views/dashboard/AttendanceCalendar.vue,views/dashboard/HRAdmin.vue,views/dashboard/HRAnalytics.vue,views/dashboard/Overtime.vue,views/dashboard/ReviewQueue.vue,views/dashboard/SelfService.vue,views/dashboard/Staff.vue,views/dashboard/StaffProfile.vue,views/dashboard/StoreOrg.vue,views/dashboard/settings/Permission.vue",MAPPED,MAPPED
dish_category,20,DishCategory,,,,,PARTIAL,NO_DIRECT_UI
dish_cost_card,4,CostCard,CostCardRepository,,,,PARTIAL,NO_DIRECT_UI
dish_cost_card_detail,8,CostCardDetail,,,,,PARTIAL,NO_DIRECT_UI
dish_master,713,DishMaster,DishMasterRepository,"BookingController,IpadCheckoutController,IpadDishController,IpadGuestOrderController,IpadOrderController,RecipeController","/api/ipad/auth/verify,/api/ipad/dish/category,/api/ipad/dish/detail/{dish_id},/api/ipad/dish/list,/api/ipad/dish/search,/api/ipad/login,/api/ipad/order/add-dishes,/api/ipad/order/current,/api/ipad/order/detail,/api/ipad/order/dish/add,/api/ipad/order/dish/edit,/api/ipad/order/dish/refund,/api/ipad/order/dish/remove,/api/ipad/order/send-kitchen,/api/ipad/order/submit,/api/ipad/order/urgent,/api/ipad/package/list,/api/ipad/settlement/bill/{bookingId},/api/ipad/settlement/pay,/api/ipad/template/list,/api/recipes/dishes-with-recipe,/api/recipes/recalc-all,/api/recipes/{dishId},/copy,/date/{date},/list,/range,/search,/stats,/status/{status},/swap,/{bookingId},/{bookingId}/banquet-menu,/{bookingId}/dishes,/{bookingId}/dishes/batch,/{bookingId}/dishes/{dishBookingId},/{bookingId}/tables,/{bookingId}/tables/{tableBookingId}","api/ai.js,api/banquetNotice.js,api/booking.js,api/customer.js,api/dish.js,api/gm.js,api/hr.js,api/ipad.js,api/table.js,views/dashboard/AuditLog.vue,views/dashboard/Bookings.vue,views/dashboard/IpadMenu.vue,views/dashboard/Kitchen.vue,views/dashboard/Safety.vue,views/dashboard/StaffPerformance.vue,views/dashboard/SupplierReconciliation.vue,views/dashboard/TableUtilization.vue,views/ipad/home/BookingList.vue,views/ipad/home/TableMap.vue,views/ipad/home/WaitQueue.vue,views/ipad/home/components/GlobalSearch.vue,views/ipad/home/components/NoticePopup.vue,views/ipad/home/components/TransferTablePopup.vue,views/ipad/login/Login.vue,views/ipad/mine/MemberCenter.vue,views/ipad/order/DishCategory.vue,views/ipad/order/DishDetail.vue,views/ipad/order/DishList.vue,views/ipad/order/GuestOrder.vue,views/ipad/order/OrderMain.vue,views/ipad/order/PackageList.vue,views/ipad/settlement/BillMain.vue,views/ipad/settlement/History.vue,views/ipad/settlement/PaySelect.vue",MAPPED,MAPPED
dish_occasion_names,0,DishOccasionNames,DishOccasionNamesRepository,,,,PARTIAL,NO_DIRECT_UI
dish_recipe,97,DishRecipe,DishRecipeRepository,RecipeController,"/api/recipes/dishes-with-recipe,/api/recipes/recalc-all,/api/recipes/{dishId}",,MAPPED,NO_DIRECT_UI
dish_tag,19,,,,,,UNMAPPED,NO_DIRECT_UI
dish_tag_relation,1012,,,,,,UNMAPPED,NO_DIRECT_UI
dish_usage,2,,,,,,UNMAPPED,NO_DIRECT_UI
dish_usage_relation,357,,,,,,UNMAPPED,NO_DIRECT_UI
employee_lifecycle,11,EmployeeLifecycle,EmployeeLifecycleRepository,HRController,"/api/hr/attendance,/api/hr/departments,/api/hr/leave,/api/hr/leave/{id},/api/hr/leave/{id}/approve,/api/hr/lifecycle,/api/hr/overtime,/api/hr/overtime/search,/api/hr/overtime/{id},/api/hr/overtime/{id}/approve,/api/hr/schedule","views/dashboard/AttendanceCalendar.vue,views/dashboard/HRAdmin.vue,views/dashboard/HRAnalytics.vue,views/dashboard/Overtime.vue,views/dashboard/ReviewQueue.vue,views/dashboard/SelfService.vue,views/dashboard/Staff.vue,views/dashboard/StaffProfile.vue,views/dashboard/StoreOrg.vue,views/dashboard/settings/Permission.vue",MAPPED,MAPPED
energy_record,0,,,"EnergyController,KitchenController","/api/energy/monthly-summary,/api/energy/records,/api/energy/trend,/api/kitchen/energy,/api/kitchen/logs",views/dashboard/Kitchen.vue,PARTIAL,MAPPED
finance_account,0,FinanceAccount,FinanceAccountRepository,"FinanceAccountController,FinanceController","/api/finance/account,/api/finance/account/{id},/api/finance/accounts/{id},/api/finance/balance,/api/finance/cost,/api/finance/cost/{id},/api/finance/expense,/api/finance/expense/{id},/api/finance/monthly-trend,/api/finance/payable,/api/finance/payable/{id},/api/finance/payment,/api/finance/payment/{id},/api/finance/pending-docs,/api/finance/receivable,/api/finance/receivable/{id},/api/finance/reconciliation,/api/finance/reconciliation/{id},/api/finance/settlement,/api/finance/settlement/{id},/api/finance/today,/api/finance/transaction,/api/finance/transaction/{id},/api/finance/voucher,/api/finance/voucher/{id}",,MAPPED,NO_DIRECT_UI
finance_cost_record,0,FinanceCostRecord,FinanceCostRecordRepository,FinanceController,"/api/finance/account,/api/finance/account/{id},/api/finance/balance,/api/finance/cost,/api/finance/cost/{id},/api/finance/expense,/api/finance/expense/{id},/api/finance/monthly-trend,/api/finance/payable,/api/finance/payable/{id},/api/finance/payment,/api/finance/payment/{id},/api/finance/pending-docs,/api/finance/receivable,/api/finance/receivable/{id},/api/finance/reconciliation,/api/finance/reconciliation/{id},/api/finance/settlement,/api/finance/settlement/{id},/api/finance/today,/api/finance/transaction,/api/finance/transaction/{id},/api/finance/voucher,/api/finance/voucher/{id}",,MAPPED,NO_DIRECT_UI
finance_expense,0,FinanceExpense,FinanceExpenseRepository,"FinanceController,FinanceExpenseController","/api/finance/account,/api/finance/account/{id},/api/finance/balance,/api/finance/cost,/api/finance/cost/{id},/api/finance/expense,/api/finance/expense/{id},/api/finance/monthly-trend,/api/finance/payable,/api/finance/payable/{id},/api/finance/payment,/api/finance/payment/{id},/api/finance/pending-docs,/api/finance/receivable,/api/finance/receivable/{id},/api/finance/reconciliation,/api/finance/reconciliation/{id},/api/finance/settlement,/api/finance/settlement/{id},/api/finance/today,/api/finance/transaction,/api/finance/transaction/{id},/api/finance/voucher,/api/finance/voucher/{id}",,MAPPED,NO_DIRECT_UI
finance_payable,0,FinancePayable,FinancePayableRepository,"FinanceController,FinancePayableController","/api/finance/account,/api/finance/account/{id},/api/finance/balance,/api/finance/cost,/api/finance/cost/{id},/api/finance/expense,/api/finance/expense/{id},/api/finance/monthly-trend,/api/finance/payable,/api/finance/payable/{id},/api/finance/payment,/api/finance/payment/{id},/api/finance/pending-docs,/api/finance/receivable,/api/finance/receivable/{id},/api/finance/reconciliation,/api/finance/reconciliation/{id},/api/finance/settlement,/api/finance/settlement/{id},/api/finance/today,/api/finance/transaction,/api/finance/transaction/{id},/api/finance/voucher,/api/finance/voucher/{id}",,MAPPED,NO_DIRECT_UI
finance_payment_record,0,FinancePaymentRecord,FinancePaymentRecordRepository,FinanceController,"/api/finance/account,/api/finance/account/{id},/api/finance/balance,/api/finance/cost,/api/finance/cost/{id},/api/finance/expense,/api/finance/expense/{id},/api/finance/monthly-trend,/api/finance/payable,/api/finance/payable/{id},/api/finance/payment,/api/finance/payment/{id},/api/finance/pending-docs,/api/finance/receivable,/api/finance/receivable/{id},/api/finance/reconciliation,/api/finance/reconciliation/{id},/api/finance/settlement,/api/finance/settlement/{id},/api/finance/today,/api/finance/transaction,/api/finance/transaction/{id},/api/finance/voucher,/api/finance/voucher/{id}",,MAPPED,NO_DIRECT_UI
finance_receivable,0,FinanceReceivable,FinanceReceivableRepository,FinanceController,"/api/finance/account,/api/finance/account/{id},/api/finance/balance,/api/finance/cost,/api/finance/cost/{id},/api/finance/expense,/api/finance/expense/{id},/api/finance/monthly-trend,/api/finance/payable,/api/finance/payable/{id},/api/finance/payment,/api/finance/payment/{id},/api/finance/pending-docs,/api/finance/receivable,/api/finance/receivable/{id},/api/finance/reconciliation,/api/finance/reconciliation/{id},/api/finance/settlement,/api/finance/settlement/{id},/api/finance/today,/api/finance/transaction,/api/finance/transaction/{id},/api/finance/voucher,/api/finance/voucher/{id}",,MAPPED,NO_DIRECT_UI
finance_reconciliation,0,FinanceReconciliation,FinanceReconciliationRepository,FinanceController,"/api/finance/account,/api/finance/account/{id},/api/finance/balance,/api/finance/cost,/api/finance/cost/{id},/api/finance/expense,/api/finance/expense/{id},/api/finance/monthly-trend,/api/finance/payable,/api/finance/payable/{id},/api/finance/payment,/api/finance/payment/{id},/api/finance/pending-docs,/api/finance/receivable,/api/finance/receivable/{id},/api/finance/reconciliation,/api/finance/reconciliation/{id},/api/finance/settlement,/api/finance/settlement/{id},/api/finance/today,/api/finance/transaction,/api/finance/transaction/{id},/api/finance/voucher,/api/finance/voucher/{id}",,MAPPED,NO_DIRECT_UI
finance_settlement,0,FinanceSettlement,FinanceSettlementRepository,FinanceController,"/api/finance/account,/api/finance/account/{id},/api/finance/balance,/api/finance/cost,/api/finance/cost/{id},/api/finance/expense,/api/finance/expense/{id},/api/finance/monthly-trend,/api/finance/payable,/api/finance/payable/{id},/api/finance/payment,/api/finance/payment/{id},/api/finance/pending-docs,/api/finance/receivable,/api/finance/receivable/{id},/api/finance/reconciliation,/api/finance/reconciliation/{id},/api/finance/settlement,/api/finance/settlement/{id},/api/finance/today,/api/finance/transaction,/api/finance/transaction/{id},/api/finance/voucher,/api/finance/voucher/{id}",,MAPPED,NO_DIRECT_UI
finance_transaction,0,FinanceTransaction,FinanceTransactionRepository,"FinanceController,IpadCheckoutController,ReportController","/api/finance/account,/api/finance/account/{id},/api/finance/balance,/api/finance/cost,/api/finance/cost/{id},/api/finance/expense,/api/finance/expense/{id},/api/finance/monthly-trend,/api/finance/payable,/api/finance/payable/{id},/api/finance/payment,/api/finance/payment/{id},/api/finance/pending-docs,/api/finance/receivable,/api/finance/receivable/{id},/api/finance/reconciliation,/api/finance/reconciliation/{id},/api/finance/settlement,/api/finance/settlement/{id},/api/finance/today,/api/finance/transaction,/api/finance/transaction/{id},/api/finance/voucher,/api/finance/voucher/{id},/api/ipad/order/submit,/api/ipad/settlement/bill/{bookingId},/api/ipad/settlement/pay,/api/report/daily-summary,/api/report/department-cost,/api/report/dish-sales,/api/report/operations,/api/report/overview,/api/report/revenue,/api/report/staff-kpi","api/ipad.js,views/dashboard/FrontDesk.vue,views/dashboard/IpadMenu.vue,views/dashboard/Reports.vue,views/ipad/home/BookingList.vue,views/ipad/home/TableMap.vue,views/ipad/home/WaitQueue.vue,views/ipad/home/components/GlobalSearch.vue,views/ipad/home/components/NoticePopup.vue,views/ipad/home/components/TransferTablePopup.vue,views/ipad/login/Login.vue,views/ipad/mine/MemberCenter.vue,views/ipad/order/DishCategory.vue,views/ipad/order/DishDetail.vue,views/ipad/order/DishList.vue,views/ipad/order/GuestOrder.vue,views/ipad/order/OrderMain.vue,views/ipad/order/PackageList.vue,views/ipad/settlement/BillMain.vue,views/ipad/settlement/History.vue,views/ipad/settlement/PaySelect.vue",MAPPED,MAPPED
finance_voucher,0,FinanceVoucher,FinanceVoucherRepository,"FinanceController,FinanceVoucherController","/api/finance/account,/api/finance/account/{id},/api/finance/balance,/api/finance/cost,/api/finance/cost/{id},/api/finance/expense,/api/finance/expense/{id},/api/finance/monthly-trend,/api/finance/payable,/api/finance/payable/{id},/api/finance/payment,/api/finance/payment/{id},/api/finance/pending-docs,/api/finance/receivable,/api/finance/receivable/{id},/api/finance/reconciliation,/api/finance/reconciliation/{id},/api/finance/settlement,/api/finance/settlement/{id},/api/finance/today,/api/finance/transaction,/api/finance/transaction/{id},/api/finance/voucher,/api/finance/voucher/{id}",,MAPPED,NO_DIRECT_UI
finance_voucher_detail,0,FinanceVoucherDetail,FinanceVoucherDetailRepository,FinanceController,"/api/finance/account,/api/finance/account/{id},/api/finance/balance,/api/finance/cost,/api/finance/cost/{id},/api/finance/expense,/api/finance/expense/{id},/api/finance/monthly-trend,/api/finance/payable,/api/finance/payable/{id},/api/finance/payment,/api/finance/payment/{id},/api/finance/pending-docs,/api/finance/receivable,/api/finance/receivable/{id},/api/finance/reconciliation,/api/finance/reconciliation/{id},/api/finance/settlement,/api/finance/settlement/{id},/api/finance/today,/api/finance/transaction,/api/finance/transaction/{id},/api/finance/voucher,/api/finance/voucher/{id}",,MAPPED,NO_DIRECT_UI
ingredient_inventory_log,3,IngredientInventoryLog,IngredientInventoryLogRepository,,,,PARTIAL,NO_DIRECT_UI
ingredient_master,1216,IngredientMaster,"IngredientMasterRepository,InventorySummaryRepository",RecipeController,"/api/recipes/dishes-with-recipe,/api/recipes/recalc-all,/api/recipes/{dishId}",,MAPPED,NO_DIRECT_UI
ingredient_purchase,53,IngredientPurchase,IngredientPurchaseRepository,,,,PARTIAL,NO_DIRECT_UI
inventory_summary,0,InventorySummary,InventorySummaryRepository,,,,PARTIAL,NO_DIRECT_UI
kitchen_log,5,KitchenLog,KitchenLogRepository,"IpadOrderController,KitchenController","/api/ipad/order/current,/api/ipad/order/dish/add,/api/ipad/order/dish/edit,/api/ipad/order/dish/refund,/api/ipad/order/dish/remove,/api/ipad/order/send-kitchen,/api/ipad/order/urgent,/api/kitchen/energy,/api/kitchen/logs","api/ipad.js,views/dashboard/IpadMenu.vue,views/dashboard/Kitchen.vue,views/ipad/home/BookingList.vue,views/ipad/home/TableMap.vue,views/ipad/home/WaitQueue.vue,views/ipad/home/components/GlobalSearch.vue,views/ipad/home/components/NoticePopup.vue,views/ipad/home/components/TransferTablePopup.vue,views/ipad/login/Login.vue,views/ipad/mine/MemberCenter.vue,views/ipad/order/DishCategory.vue,views/ipad/order/DishDetail.vue,views/ipad/order/DishList.vue,views/ipad/order/GuestOrder.vue,views/ipad/order/OrderMain.vue,views/ipad/order/PackageList.vue,views/ipad/settlement/BillMain.vue,views/ipad/settlement/History.vue,views/ipad/settlement/PaySelect.vue",MAPPED,MAPPED
leave_record,35,LeaveRecord,LeaveRecordRepository,HRController,"/api/hr/attendance,/api/hr/departments,/api/hr/leave,/api/hr/leave/{id},/api/hr/leave/{id}/approve,/api/hr/lifecycle,/api/hr/overtime,/api/hr/overtime/search,/api/hr/overtime/{id},/api/hr/overtime/{id}/approve,/api/hr/schedule","views/dashboard/AttendanceCalendar.vue,views/dashboard/HRAdmin.vue,views/dashboard/HRAnalytics.vue,views/dashboard/Overtime.vue,views/dashboard/ReviewQueue.vue,views/dashboard/SelfService.vue,views/dashboard/Staff.vue,views/dashboard/StaffProfile.vue,views/dashboard/StoreOrg.vue,views/dashboard/settings/Permission.vue",MAPPED,MAPPED
maintenance_asset,0,,,MaintenanceController,"/api/maintenance/assets,/api/maintenance/assets/{id}/check,/api/maintenance/requests,/api/maintenance/requests/{id}/complete,/api/maintenance/requests/{id}/dispatch",,PARTIAL,NO_DIRECT_UI
maintenance_request,0,,,MaintenanceController,"/api/maintenance/assets,/api/maintenance/assets/{id}/check,/api/maintenance/requests,/api/maintenance/requests/{id}/complete,/api/maintenance/requests/{id}/dispatch",,PARTIAL,NO_DIRECT_UI
marketing_activity,0,,,MarketingController,"/api/marketing/activities,/api/marketing/activities/{id},/api/marketing/coupons,/api/marketing/discount-rules,/api/marketing/shares,/api/marketing/signin-records,/api/marketing/signins,/api/marketing/tasks",views/dashboard/Marketing.vue,PARTIAL,MAPPED
marketing_coupon,0,,,MarketingController,"/api/marketing/activities,/api/marketing/activities/{id},/api/marketing/coupons,/api/marketing/discount-rules,/api/marketing/shares,/api/marketing/signin-records,/api/marketing/signins,/api/marketing/tasks",views/dashboard/Marketing.vue,PARTIAL,MAPPED
marketing_coupon_record,0,,,,,,UNMAPPED,NO_DIRECT_UI
marketing_discount_rule,0,,,MarketingController,"/api/marketing/activities,/api/marketing/activities/{id},/api/marketing/coupons,/api/marketing/discount-rules,/api/marketing/shares,/api/marketing/signin-records,/api/marketing/signins,/api/marketing/tasks",views/dashboard/Marketing.vue,PARTIAL,MAPPED
marketing_lottery,0,,,,,,UNMAPPED,NO_DIRECT_UI
marketing_member_reward,0,,,,,,UNMAPPED,NO_DIRECT_UI
marketing_promo_code,0,,,,,,UNMAPPED,NO_DIRECT_UI
member_card,0,,,MemberController,"/api/member-levels,/api/members,/api/members/balance,/api/members/master,/api/members/master/{id},/api/members/{id},/api/members/{id}/consume-records,/api/members/{id}/points,/api/members/{id}/recharge","views/dashboard/MemberList.vue,views/dashboard/PriceTiers.vue",PARTIAL,MAPPED
member_consume_record,0,,,MemberController,"/api/member-levels,/api/members,/api/members/balance,/api/members/master,/api/members/master/{id},/api/members/{id},/api/members/{id}/consume-records,/api/members/{id}/points,/api/members/{id}/recharge","views/dashboard/MemberList.vue,views/dashboard/PriceTiers.vue",PARTIAL,MAPPED
member_level,4,,,MemberController,"/api/member-levels,/api/members,/api/members/balance,/api/members/master,/api/members/master/{id},/api/members/{id},/api/members/{id}/consume-records,/api/members/{id}/points,/api/members/{id}/recharge","views/dashboard/MemberList.vue,views/dashboard/PriceTiers.vue",PARTIAL,MAPPED
member_point_log,0,,,MemberController,"/api/member-levels,/api/members,/api/members/balance,/api/members/master,/api/members/master/{id},/api/members/{id},/api/members/{id}/consume-records,/api/members/{id}/points,/api/members/{id}/recharge","views/dashboard/MemberList.vue,views/dashboard/PriceTiers.vue",PARTIAL,MAPPED
member_point_rule,2,,,,,,UNMAPPED,NO_DIRECT_UI
member_recharge_record,0,,,MemberController,"/api/member-levels,/api/members,/api/members/balance,/api/members/master,/api/members/master/{id},/api/members/{id},/api/members/{id}/consume-records,/api/members/{id}/points,/api/members/{id}/recharge","views/dashboard/MemberList.vue,views/dashboard/PriceTiers.vue",PARTIAL,MAPPED
menu_category,9,MenuCategory,MenuCategoryRepository,IpadDishController,"/api/ipad/dish/category,/api/ipad/dish/detail/{dish_id},/api/ipad/dish/list,/api/ipad/dish/search,/api/ipad/package/list,/api/ipad/template/list","api/ipad.js,views/dashboard/IpadMenu.vue,views/ipad/home/BookingList.vue,views/ipad/home/TableMap.vue,views/ipad/home/WaitQueue.vue,views/ipad/home/components/GlobalSearch.vue,views/ipad/home/components/NoticePopup.vue,views/ipad/home/components/TransferTablePopup.vue,views/ipad/login/Login.vue,views/ipad/mine/MemberCenter.vue,views/ipad/order/DishCategory.vue,views/ipad/order/DishDetail.vue,views/ipad/order/DishList.vue,views/ipad/order/GuestOrder.vue,views/ipad/order/OrderMain.vue,views/ipad/order/PackageList.vue,views/ipad/settlement/BillMain.vue,views/ipad/settlement/History.vue,views/ipad/settlement/PaySelect.vue",MAPPED,MAPPED
month_salary,0,MonthSalary,MonthSalaryRepository,"PayrollController,SalaryController","/api/hr/salary/calculate,/api/hr/salary/staff/{staffId},/api/hr/salary/template,/api/hr/salary/template/{id},/api/hr/salary/{id}/push-finance","views/dashboard/AttendanceCalendar.vue,views/dashboard/HRAdmin.vue,views/dashboard/HRAnalytics.vue,views/dashboard/Overtime.vue,views/dashboard/ReviewQueue.vue,views/dashboard/SelfService.vue,views/dashboard/Staff.vue,views/dashboard/StaffProfile.vue,views/dashboard/StoreOrg.vue,views/dashboard/settings/Permission.vue",MAPPED,MAPPED
orders,19,,,,,,UNMAPPED,NO_DIRECT_UI
overtime,53,Overtime,OvertimeRepository,"HRController,PayrollController","/api/hr/attendance,/api/hr/departments,/api/hr/leave,/api/hr/leave/{id},/api/hr/leave/{id}/approve,/api/hr/lifecycle,/api/hr/overtime,/api/hr/overtime/search,/api/hr/overtime/{id},/api/hr/overtime/{id}/approve,/api/hr/schedule","views/dashboard/AttendanceCalendar.vue,views/dashboard/HRAdmin.vue,views/dashboard/HRAnalytics.vue,views/dashboard/Overtime.vue,views/dashboard/ReviewQueue.vue,views/dashboard/SelfService.vue,views/dashboard/Staff.vue,views/dashboard/StaffProfile.vue,views/dashboard/StoreOrg.vue,views/dashboard/settings/Permission.vue",MAPPED,MAPPED
package_details,25,,,,,,UNMAPPED,NO_DIRECT_UI
package_dish_detail,40,PackageDishDetail,PackageDishDetailRepository,"IpadDishController,PackageController","/api/ipad/dish/category,/api/ipad/dish/detail/{dish_id},/api/ipad/dish/list,/api/ipad/dish/search,/api/ipad/package/list,/api/ipad/template/list","api/ipad.js,views/dashboard/IpadMenu.vue,views/ipad/home/BookingList.vue,views/ipad/home/TableMap.vue,views/ipad/home/WaitQueue.vue,views/ipad/home/components/GlobalSearch.vue,views/ipad/home/components/NoticePopup.vue,views/ipad/home/components/TransferTablePopup.vue,views/ipad/login/Login.vue,views/ipad/mine/MemberCenter.vue,views/ipad/order/DishCategory.vue,views/ipad/order/DishDetail.vue,views/ipad/order/DishList.vue,views/ipad/order/GuestOrder.vue,views/ipad/order/OrderMain.vue,views/ipad/order/PackageList.vue,views/ipad/settlement/BillMain.vue,views/ipad/settlement/History.vue,views/ipad/settlement/PaySelect.vue",MAPPED,MAPPED
package_dish_rel,0,,,,,,UNMAPPED,NO_DIRECT_UI
package_master,13,PackageMaster,PackageMasterRepository,IpadDishController,"/api/ipad/dish/category,/api/ipad/dish/detail/{dish_id},/api/ipad/dish/list,/api/ipad/dish/search,/api/ipad/package/list,/api/ipad/template/list","api/ipad.js,views/dashboard/IpadMenu.vue,views/ipad/home/BookingList.vue,views/ipad/home/TableMap.vue,views/ipad/home/WaitQueue.vue,views/ipad/home/components/GlobalSearch.vue,views/ipad/home/components/NoticePopup.vue,views/ipad/home/components/TransferTablePopup.vue,views/ipad/login/Login.vue,views/ipad/mine/MemberCenter.vue,views/ipad/order/DishCategory.vue,views/ipad/order/DishDetail.vue,views/ipad/order/DishList.vue,views/ipad/order/GuestOrder.vue,views/ipad/order/OrderMain.vue,views/ipad/order/PackageList.vue,views/ipad/settlement/BillMain.vue,views/ipad/settlement/History.vue,views/ipad/settlement/PaySelect.vue",MAPPED,MAPPED
pkg_used,0,,,,,,UNMAPPED,NO_DIRECT_UI
post,0,Post,PostRepository,DepartmentPostController,"/api/hr/departments,/api/hr/departments/tree,/api/hr/departments/{id},/api/hr/posts,/api/hr/posts/{id}","views/dashboard/AttendanceCalendar.vue,views/dashboard/HRAdmin.vue,views/dashboard/HRAnalytics.vue,views/dashboard/Overtime.vue,views/dashboard/ReviewQueue.vue,views/dashboard/SelfService.vue,views/dashboard/Staff.vue,views/dashboard/StaffProfile.vue,views/dashboard/StoreOrg.vue,views/dashboard/settings/Permission.vue",MAPPED,MAPPED
preprocessing_record,0,PreprocessingRecord,PreprocessingRecordRepository,KitchenSupplyController,"/api/kitchen-supply/cost-cards,/api/kitchen-supply/cost-cards/calculate,/api/kitchen-supply/cost-cards/{dishId},/api/kitchen-supply/goods-receipts,/api/kitchen-supply/preprocessing,/api/kitchen-supply/purchase-requests,/api/kitchen-supply/purchase-requests/{id}/approve,/api/kitchen-supply/requisitions,/api/kitchen-supply/requisitions/{id}/approve,/api/kitchen-supply/unit-conversions",,MAPPED,NO_DIRECT_UI
procurement_request,0,PurchaseRequest,PurchaseRequestRepository,"KitchenSupplyController,PurchaseController","/api/kitchen-supply/cost-cards,/api/kitchen-supply/cost-cards/calculate,/api/kitchen-supply/cost-cards/{dishId},/api/kitchen-supply/goods-receipts,/api/kitchen-supply/preprocessing,/api/kitchen-supply/purchase-requests,/api/kitchen-supply/purchase-requests/{id}/approve,/api/kitchen-supply/requisitions,/api/kitchen-supply/requisitions/{id}/approve,/api/kitchen-supply/unit-conversions,/procurement/receipts,/procurement/requests",,MAPPED,NO_DIRECT_UI
procurement_request_item,0,PurchaseRequestItem,,,,,PARTIAL,NO_DIRECT_UI
purchase_order,0,,,,,,UNMAPPED,NO_DIRECT_UI
purchase_order_detail,0,,,,,,UNMAPPED,NO_DIRECT_UI
purchase_receipt,0,GoodsReceipt,GoodsReceiptRepository,"KitchenSupplyController,PurchaseController","/api/kitchen-supply/cost-cards,/api/kitchen-supply/cost-cards/calculate,/api/kitchen-supply/cost-cards/{dishId},/api/kitchen-supply/goods-receipts,/api/kitchen-supply/preprocessing,/api/kitchen-supply/purchase-requests,/api/kitchen-supply/purchase-requests/{id}/approve,/api/kitchen-supply/requisitions,/api/kitchen-supply/requisitions/{id}/approve,/api/kitchen-supply/unit-conversions,/procurement/receipts,/procurement/requests",,MAPPED,NO_DIRECT_UI
purchase_receipt_detail,0,GoodsReceiptItem,,,,,PARTIAL,NO_DIRECT_UI
purchase_return,0,,,,,,UNMAPPED,NO_DIRECT_UI
purchase_return_detail,0,,,,,,UNMAPPED,NO_DIRECT_UI
reimbursement,0,Reimbursement,ReimbursementRepository,ReimbursementController,"/api/reimbursements/{id},/api/reimbursements/{id}/approve",,MAPPED,NO_DIRECT_UI
report_daily,0,,,,,,UNMAPPED,NO_DIRECT_UI
report_department_cost,0,,,,,,UNMAPPED,NO_DIRECT_UI
report_dish_sales,0,,,,,,UNMAPPED,NO_DIRECT_UI
report_monthly,0,,,,,,UNMAPPED,NO_DIRECT_UI
report_staff_kpi,0,,,PayrollController,,,PARTIAL,NO_DIRECT_UI
requisition_detail,8,MaterialRequisitionItem,,,,,PARTIAL,NO_DIRECT_UI
requisition_order,4,MaterialRequisition,MaterialRequisitionRepository,KitchenSupplyController,"/api/kitchen-supply/cost-cards,/api/kitchen-supply/cost-cards/calculate,/api/kitchen-supply/cost-cards/{dishId},/api/kitchen-supply/goods-receipts,/api/kitchen-supply/preprocessing,/api/kitchen-supply/purchase-requests,/api/kitchen-supply/purchase-requests/{id}/approve,/api/kitchen-supply/requisitions,/api/kitchen-supply/requisitions/{id}/approve,/api/kitchen-supply/unit-conversions",,MAPPED,NO_DIRECT_UI
reward_punish,0,RewardPunish,RewardPunishRepository,RewardPunishController,"/api/hr/reward-punish/{id},/api/hr/reward-punish/{id}/approve","views/dashboard/AttendanceCalendar.vue,views/dashboard/HRAdmin.vue,views/dashboard/HRAnalytics.vue,views/dashboard/Overtime.vue,views/dashboard/ReviewQueue.vue,views/dashboard/SelfService.vue,views/dashboard/Staff.vue,views/dashboard/StaffProfile.vue,views/dashboard/StoreOrg.vue,views/dashboard/settings/Permission.vue",MAPPED,MAPPED
salary_template,0,SalaryTemplate,SalaryTemplateRepository,SalaryController,"/api/hr/salary/calculate,/api/hr/salary/staff/{staffId},/api/hr/salary/template,/api/hr/salary/template/{id},/api/hr/salary/{id}/push-finance","views/dashboard/AttendanceCalendar.vue,views/dashboard/HRAdmin.vue,views/dashboard/HRAnalytics.vue,views/dashboard/Overtime.vue,views/dashboard/ReviewQueue.vue,views/dashboard/SelfService.vue,views/dashboard/Staff.vue,views/dashboard/StaffProfile.vue,views/dashboard/StoreOrg.vue,views/dashboard/settings/Permission.vue",MAPPED,MAPPED
schedule,284,Schedule,ScheduleRepository,HRController,"/api/hr/attendance,/api/hr/departments,/api/hr/leave,/api/hr/leave/{id},/api/hr/leave/{id}/approve,/api/hr/lifecycle,/api/hr/overtime,/api/hr/overtime/search,/api/hr/overtime/{id},/api/hr/overtime/{id}/approve,/api/hr/schedule","views/dashboard/AttendanceCalendar.vue,views/dashboard/HRAdmin.vue,views/dashboard/HRAnalytics.vue,views/dashboard/Overtime.vue,views/dashboard/ReviewQueue.vue,views/dashboard/SelfService.vue,views/dashboard/Staff.vue,views/dashboard/StaffProfile.vue,views/dashboard/StoreOrg.vue,views/dashboard/settings/Permission.vue",MAPPED,MAPPED
schedule_day,0,ScheduleDay,ScheduleDayRepository,ScheduleMonthController,"/api/hr/schedule-month/staff/{staffId},/api/hr/schedule-month/{scheduleId}/confirm,/api/hr/schedule-month/{scheduleId}/days,/api/hr/schedule-month/{scheduleId}/publish","views/dashboard/AttendanceCalendar.vue,views/dashboard/HRAdmin.vue,views/dashboard/HRAnalytics.vue,views/dashboard/Overtime.vue,views/dashboard/ReviewQueue.vue,views/dashboard/SelfService.vue,views/dashboard/Staff.vue,views/dashboard/StaffProfile.vue,views/dashboard/StoreOrg.vue,views/dashboard/settings/Permission.vue",MAPPED,MAPPED
schedule_month,0,ScheduleMonth,ScheduleMonthRepository,ScheduleMonthController,"/api/hr/schedule-month/staff/{staffId},/api/hr/schedule-month/{scheduleId}/confirm,/api/hr/schedule-month/{scheduleId}/days,/api/hr/schedule-month/{scheduleId}/publish","views/dashboard/AttendanceCalendar.vue,views/dashboard/HRAdmin.vue,views/dashboard/HRAnalytics.vue,views/dashboard/Overtime.vue,views/dashboard/ReviewQueue.vue,views/dashboard/SelfService.vue,views/dashboard/Staff.vue,views/dashboard/StaffProfile.vue,views/dashboard/StoreOrg.vue,views/dashboard/settings/Permission.vue",MAPPED,MAPPED
staff_master,21,StaffMaster,StaffMasterRepository,"AttendanceRecordController,AuthController,ChatController,DictController,HRController,IpadCheckoutController,IpadGuestOrderController,PayrollController,StaffController","/api/auth/login,/api/auth/logout,/api/auth/me,/api/chat/greeting,/api/hr/attendance,/api/hr/attendance/record,/api/hr/attendance/record/{id},/api/hr/attendance/summary,/api/hr/departments,/api/hr/leave,/api/hr/leave/{id},/api/hr/leave/{id}/approve,/api/hr/lifecycle,/api/hr/overtime,/api/hr/overtime/search,/api/hr/overtime/{id},/api/hr/overtime/{id}/approve,/api/hr/schedule,/api/ipad/auth/verify,/api/ipad/login,/api/ipad/order/add-dishes,/api/ipad/order/detail,/api/ipad/order/submit,/api/ipad/settlement/bill/{bookingId},/api/ipad/settlement/pay,/api/stores,/batch,/customers,/items,/items/{dictCode},/items/{itemId},/staff,/staff/{id},/staff/{id}/permissions,/types","api/booking.js,api/customer.js,api/hr.js,api/ipad.js,components/AIChatFloat.vue,components/BookingDialog.vue,store/user.js,views/Dashboard.vue,views/Login.vue,views/StoreSelect.vue,views/dashboard/Attendance.vue,views/dashboard/AttendanceCalendar.vue,views/dashboard/AttendancePrint.vue,views/dashboard/FrontDesk.vue,views/dashboard/HRAdmin.vue,views/dashboard/HRAnalytics.vue,views/dashboard/IpadMenu.vue,views/dashboard/Kitchen.vue,views/dashboard/Leave.vue,views/dashboard/License.vue,views/dashboard/Overtime.vue,views/dashboard/PermManager.vue,views/dashboard/ReviewQueue.vue,views/dashboard/Schedule.vue,views/dashboard/SelfService.vue,views/dashboard/Staff.vue,views/dashboard/StaffPerformance.vue,views/dashboard/StaffProfile.vue,views/dashboard/StoreOrg.vue,views/dashboard/settings/Organization.vue,views/dashboard/settings/Permission.vue,views/ipad/home/BookingList.vue,views/ipad/home/TableMap.vue,views/ipad/home/WaitQueue.vue,views/ipad/home/components/GlobalSearch.vue,views/ipad/home/components/NoticePopup.vue,views/ipad/home/components/TransferTablePopup.vue,views/ipad/login/Login.vue,views/ipad/mine/MemberCenter.vue,views/ipad/order/DishCategory.vue,views/ipad/order/DishDetail.vue,views/ipad/order/DishList.vue,views/ipad/order/GuestOrder.vue,views/ipad/order/OrderMain.vue,views/ipad/order/PackageList.vue,views/ipad/settlement/BillMain.vue,views/ipad/settlement/History.vue,views/ipad/settlement/PaySelect.vue",MAPPED,MAPPED
stock_loss,0,StockLoss,StockLossRepository,StockTakeController,"/api/stock-losses,/api/stock-losses/{id},/api/stock-losses/{id}/approve,/api/stock-losses/{id}/details,/api/stock-takes,/api/stock-takes/{id},/api/stock-takes/{id}/details",views/dashboard/StockTake.vue,MAPPED,MAPPED
stock_loss_detail,0,StockLossDetail,StockLossDetailRepository,StockTakeController,"/api/stock-losses,/api/stock-losses/{id},/api/stock-losses/{id}/approve,/api/stock-losses/{id}/details,/api/stock-takes,/api/stock-takes/{id},/api/stock-takes/{id}/details",views/dashboard/StockTake.vue,MAPPED,MAPPED
stock_take,0,StockTake,StockTakeRepository,StockTakeController,"/api/stock-losses,/api/stock-losses/{id},/api/stock-losses/{id}/approve,/api/stock-losses/{id}/details,/api/stock-takes,/api/stock-takes/{id},/api/stock-takes/{id}/details",views/dashboard/StockTake.vue,MAPPED,MAPPED
stock_take_detail,0,StockTakeDetail,StockTakeDetailRepository,StockTakeController,"/api/stock-losses,/api/stock-losses/{id},/api/stock-losses/{id}/approve,/api/stock-losses/{id}/details,/api/stock-takes,/api/stock-takes/{id},/api/stock-takes/{id}/details",views/dashboard/StockTake.vue,MAPPED,MAPPED
stock_transfer,0,StockTransfer,StockTransferRepository,StockTransferController,,,MAPPED,NO_DIRECT_UI
stock_transfer_detail,0,StockTransferDetail,StockTransferDetailRepository,,,,PARTIAL,NO_DIRECT_UI
store_info,2,StoreInfo,StoreInfoRepository,"AuthController,IpadGuestOrderController","/api/auth/login,/api/auth/logout,/api/auth/me,/api/ipad/auth/verify,/api/ipad/login,/api/ipad/order/add-dishes,/api/ipad/order/detail,/api/stores","api/ipad.js,store/user.js,views/Login.vue,views/StoreSelect.vue,views/dashboard/IpadMenu.vue,views/dashboard/StoreOrg.vue,views/ipad/home/BookingList.vue,views/ipad/home/TableMap.vue,views/ipad/home/WaitQueue.vue,views/ipad/home/components/GlobalSearch.vue,views/ipad/home/components/NoticePopup.vue,views/ipad/home/components/TransferTablePopup.vue,views/ipad/login/Login.vue,views/ipad/mine/MemberCenter.vue,views/ipad/order/DishCategory.vue,views/ipad/order/DishDetail.vue,views/ipad/order/DishList.vue,views/ipad/order/GuestOrder.vue,views/ipad/order/OrderMain.vue,views/ipad/order/PackageList.vue,views/ipad/settlement/BillMain.vue,views/ipad/settlement/History.vue,views/ipad/settlement/PaySelect.vue",MAPPED,MAPPED
supplier_master,7,SupplierMaster,SupplierMasterRepository,,,,PARTIAL,NO_DIRECT_UI
system_table_registry,117,,,DatabaseGovernanceController,/api/system/database-governance/audit,views/dashboard/settings/SystemCheckupTab.vue,PARTIAL,MAPPED
sys_dict,10,,,DictController,"/batch,/customers,/items,/items/{dictCode},/items/{itemId},/staff,/types","api/booking.js,api/customer.js,api/hr.js,components/BookingDialog.vue,views/Dashboard.vue,views/dashboard/Attendance.vue,views/dashboard/AttendanceCalendar.vue,views/dashboard/AttendancePrint.vue,views/dashboard/FrontDesk.vue,views/dashboard/Kitchen.vue,views/dashboard/Leave.vue,views/dashboard/License.vue,views/dashboard/PermManager.vue,views/dashboard/Schedule.vue,views/dashboard/StaffPerformance.vue,views/dashboard/StaffProfile.vue,views/dashboard/settings/Organization.vue,views/dashboard/settings/Permission.vue",PARTIAL,MAPPED
sys_dict_item,31,,,DictController,"/batch,/customers,/items,/items/{dictCode},/items/{itemId},/staff,/types","api/booking.js,api/customer.js,api/hr.js,components/BookingDialog.vue,views/Dashboard.vue,views/dashboard/Attendance.vue,views/dashboard/AttendanceCalendar.vue,views/dashboard/AttendancePrint.vue,views/dashboard/FrontDesk.vue,views/dashboard/Kitchen.vue,views/dashboard/Leave.vue,views/dashboard/License.vue,views/dashboard/PermManager.vue,views/dashboard/Schedule.vue,views/dashboard/StaffPerformance.vue,views/dashboard/StaffProfile.vue,views/dashboard/settings/Organization.vue,views/dashboard/settings/Permission.vue",PARTIAL,MAPPED
sys_notification,0,SysNotification,SysNotificationRepository,GMOfficeController,"/api/gm/approval,/api/gm/info,/api/gm/review,/api/gm/stats,/api/gm/todo",views/dashboard/GMOffice.vue,MAPPED,MAPPED
sys_operation_log,0,,,,,,UNMAPPED,NO_DIRECT_UI
table_master,86,TableMaster,TableMasterRepository,"BookingController,IpadCheckoutController,IpadTableController,ReportController,TableBoardController,TableController","/api/ipad/booking/today,/api/ipad/order/submit,/api/ipad/settlement/bill/{bookingId},/api/ipad/settlement/pay,/api/ipad/table/all,/api/ipad/table/filter,/api/ipad/table/list,/api/ipad/table/open,/api/ipad/table/transfer,/api/ipad/wait/list,/api/report/daily-summary,/api/report/department-cost,/api/report/dish-sales,/api/report/operations,/api/report/overview,/api/report/revenue,/api/report/staff-kpi,/api/tables,/api/tables/reorder,/api/tables/{id},/api/tables/{id}/status,/copy,/date/{date},/list,/range,/search,/stats,/status/{status},/swap,/{bookingId},/{bookingId}/banquet-menu,/{bookingId}/dishes,/{bookingId}/dishes/batch,/{bookingId}/dishes/{dishBookingId},/{bookingId}/tables,/{bookingId}/tables/{tableBookingId}","api/ai.js,api/banquetNotice.js,api/booking.js,api/customer.js,api/dish.js,api/gm.js,api/hr.js,api/ipad.js,api/table.js,views/dashboard/AuditLog.vue,views/dashboard/Bookings.vue,views/dashboard/FrontDesk.vue,views/dashboard/IpadMenu.vue,views/dashboard/Kitchen.vue,views/dashboard/Reports.vue,views/dashboard/Safety.vue,views/dashboard/StaffPerformance.vue,views/dashboard/SupplierReconciliation.vue,views/dashboard/TableUtilization.vue,views/ipad/home/BookingList.vue,views/ipad/home/TableMap.vue,views/ipad/home/WaitQueue.vue,views/ipad/home/components/GlobalSearch.vue,views/ipad/home/components/NoticePopup.vue,views/ipad/home/components/TransferTablePopup.vue,views/ipad/login/Login.vue,views/ipad/mine/MemberCenter.vue,views/ipad/order/DishCategory.vue,views/ipad/order/DishDetail.vue,views/ipad/order/DishList.vue,views/ipad/order/GuestOrder.vue,views/ipad/order/OrderMain.vue,views/ipad/order/PackageList.vue,views/ipad/settlement/BillMain.vue,views/ipad/settlement/History.vue,views/ipad/settlement/PaySelect.vue",MAPPED,MAPPED
template_category_rel,9,,,,,,UNMAPPED,NO_DIRECT_UI
template_dish_rel,756,TemplateDishRel,TemplateDishRelRepository,IpadDishController,"/api/ipad/dish/category,/api/ipad/dish/detail/{dish_id},/api/ipad/dish/list,/api/ipad/dish/search,/api/ipad/package/list,/api/ipad/template/list","api/ipad.js,views/dashboard/IpadMenu.vue,views/ipad/home/BookingList.vue,views/ipad/home/TableMap.vue,views/ipad/home/WaitQueue.vue,views/ipad/home/components/GlobalSearch.vue,views/ipad/home/components/NoticePopup.vue,views/ipad/home/components/TransferTablePopup.vue,views/ipad/login/Login.vue,views/ipad/mine/MemberCenter.vue,views/ipad/order/DishCategory.vue,views/ipad/order/DishDetail.vue,views/ipad/order/DishList.vue,views/ipad/order/GuestOrder.vue,views/ipad/order/OrderMain.vue,views/ipad/order/PackageList.vue,views/ipad/settlement/BillMain.vue,views/ipad/settlement/History.vue,views/ipad/settlement/PaySelect.vue",MAPPED,MAPPED
unit_conversion,0,UnitConversion,UnitConversionRepository,KitchenSupplyController,"/api/kitchen-supply/cost-cards,/api/kitchen-supply/cost-cards/calculate,/api/kitchen-supply/cost-cards/{dishId},/api/kitchen-supply/goods-receipts,/api/kitchen-supply/preprocessing,/api/kitchen-supply/purchase-requests,/api/kitchen-supply/purchase-requests/{id}/approve,/api/kitchen-supply/requisitions,/api/kitchen-supply/requisitions/{id}/approve,/api/kitchen-supply/unit-conversions",,MAPPED,NO_DIRECT_UI
users,0,,,,,,UNMAPPED,NO_DIRECT_UI
yield_rate_config,0,,,,,,UNMAPPED,NO_DIRECT_UI
